"patient_id","email","plaintext_password","full_name","insurance_provider"
"PAT-20260506-0001","ava.brown.1@example.com","SeedPatient!042-0001","Ava Brown","HealthFirst Ins."
"PAT-20260506-0002","sarah.patel.2@example.com","SeedPatient!042-0002","Sarah Patel","Medicare Plus"
"PAT-20260506-0003","robert.kim.3@example.com","SeedPatient!042-0003","Robert Kim","CareShield"
"PAT-20260506-0004","emma.rodriguez.4@example.com","SeedPatient!042-0004","Emma Rodriguez","WellCover Health"
"PAT-20260506-0005","david.lopez.5@example.com","SeedPatient!042-0005","David Lopez","Global Health Assure"
"PAT-20260506-0006","emma.martinez.6@example.com","SeedPatient!042-0006","Emma Martinez","FamilyHealth Insurance"
"PAT-20260506-0007","elena.anderson.7@example.com","SeedPatient!042-0007","Elena Anderson","PremierCare"
"PAT-20260506-0008","maria.hernandez.8@example.com","SeedPatient!042-0008","Maria Hernandez","Unity Health Cover"
"PAT-20260506-0009","david.kim.9@example.com","SeedPatient!042-0009","David Kim","HealthFirst Ins."
"PAT-20260506-0010","sophia.rodriguez.10@example.com","SeedPatient!042-0010","Sophia Rodriguez","Medicare Plus"
"PAT-20260506-0011","sophia.miller.11@example.com","SeedPatient!042-0011","Sophia Miller","CareShield"
"PAT-20260506-0012","priya.jones.12@example.com","SeedPatient!042-0012","Priya Jones","WellCover Health"
"PAT-20260506-0013","michael.williams.13@example.com","SeedPatient!042-0013","Michael Williams","Global Health Assure"
"PAT-20260506-0014","maria.smith.14@example.com","SeedPatient!042-0014","Maria Smith","FamilyHealth Insurance"
"PAT-20260506-0015","james.gonzalez.15@example.com","SeedPatient!042-0015","James Gonzalez","PremierCare"
"PAT-20260506-0016","olivia.wilson.16@example.com","SeedPatient!042-0016","Olivia Wilson","Unity Health Cover"
"PAT-20260506-0017","david.lopez.17@example.com","SeedPatient!042-0017","David Lopez","HealthFirst Ins."
"PAT-20260506-0018","daniel.patel.18@example.com","SeedPatient!042-0018","Daniel Patel","Medicare Plus"
"PAT-20260506-0019","david.patel.19@example.com","SeedPatient!042-0019","David Patel","CareShield"
"PAT-20260506-0020","charles.rodriguez.20@example.com","SeedPatient!042-0020","Charles Rodriguez","WellCover Health"
"PAT-20260506-0021","elena.patel.21@example.com","SeedPatient!042-0021","Elena Patel","Global Health Assure"
"PAT-20260506-0022","olivia.brown.22@example.com","SeedPatient!042-0022","Olivia Brown","FamilyHealth Insurance"
"PAT-20260506-0023","john.williams.23@example.com","SeedPatient!042-0023","John Williams","PremierCare"
"PAT-20260506-0024","david.jones.24@example.com","SeedPatient!042-0024","David Jones","Unity Health Cover"
"PAT-20260506-0025","robert.patel.25@example.com","SeedPatient!042-0025","Robert Patel","HealthFirst Ins."
"PAT-20260506-0026","chen.johnson.26@example.com","SeedPatient!042-0026","Chen Johnson","Medicare Plus"
"PAT-20260506-0027","john.kim.27@example.com","SeedPatient!042-0027","John Kim","CareShield"
"PAT-20260506-0028","emma.nguyen.28@example.com","SeedPatient!042-0028","Emma Nguyen","WellCover Health"
"PAT-20260506-0029","john.garcia.29@example.com","SeedPatient!042-0029","John Garcia","Global Health Assure"
"PAT-20260506-0030","isabella.nguyen.30@example.com","SeedPatient!042-0030","Isabella Nguyen","FamilyHealth Insurance"
"PAT-20260506-0031","chen.johnson.31@example.com","SeedPatient!042-0031","Chen Johnson","PremierCare"
"PAT-20260506-0032","charles.garcia.32@example.com","SeedPatient!042-0032","Charles Garcia","Unity Health Cover"
"PAT-20260506-0033","maria.hernandez.33@example.com","SeedPatient!042-0033","Maria Hernandez","HealthFirst Ins."
"PAT-20260506-0034","james.williams.34@example.com","SeedPatient!042-0034","James Williams","Medicare Plus"
"PAT-20260506-0035","sophia.brown.35@example.com","SeedPatient!042-0035","Sophia Brown","CareShield"
"PAT-20260506-0036","isabella.williams.36@example.com","SeedPatient!042-0036","Isabella Williams","WellCover Health"
"PAT-20260506-0037","ava.martinez.37@example.com","SeedPatient!042-0037","Ava Martinez","Global Health Assure"
"PAT-20260506-0038","william.rodriguez.38@example.com","SeedPatient!042-0038","William Rodriguez","FamilyHealth Insurance"
"PAT-20260506-0039","william.brown.39@example.com","SeedPatient!042-0039","William Brown","PremierCare"
"PAT-20260506-0040","william.smith.40@example.com","SeedPatient!042-0040","William Smith","Unity Health Cover"
"PAT-20260506-0041","james.patel.41@example.com","SeedPatient!042-0041","James Patel","HealthFirst Ins."
"PAT-20260506-0042","michael.lopez.42@example.com","SeedPatient!042-0042","Michael Lopez","Medicare Plus"
"PAT-20260506-0043","olivia.davis.43@example.com","SeedPatient!042-0043","Olivia Davis","CareShield"
"PAT-20260506-0044","michael.kim.44@example.com","SeedPatient!042-0044","Michael Kim","WellCover Health"
"PAT-20260506-0045","maria.patel.45@example.com","SeedPatient!042-0045","Maria Patel","Global Health Assure"
"PAT-20260506-0046","isabella.jones.46@example.com","SeedPatient!042-0046","Isabella Jones","FamilyHealth Insurance"
"PAT-20260506-0047","emma.patel.47@example.com","SeedPatient!042-0047","Emma Patel","PremierCare"
"PAT-20260506-0048","sarah.williams.48@example.com","SeedPatient!042-0048","Sarah Williams","Unity Health Cover"
"PAT-20260506-0049","david.kim.49@example.com","SeedPatient!042-0049","David Kim","HealthFirst Ins."
"PAT-20260506-0050","charles.jones.50@example.com","SeedPatient!042-0050","Charles Jones","Medicare Plus"
"PAT-20260506-0051","elena.miller.51@example.com","SeedPatient!042-0051","Elena Miller","CareShield"
"PAT-20260506-0052","daniel.rodriguez.52@example.com","SeedPatient!042-0052","Daniel Rodriguez","WellCover Health"
"PAT-20260506-0053","james.jones.53@example.com","SeedPatient!042-0053","James Jones","Global Health Assure"
"PAT-20260506-0054","robert.nguyen.54@example.com","SeedPatient!042-0054","Robert Nguyen","FamilyHealth Insurance"
"PAT-20260506-0055","olivia.jones.55@example.com","SeedPatient!042-0055","Olivia Jones","PremierCare"
"PAT-20260506-0056","sarah.davis.56@example.com","SeedPatient!042-0056","Sarah Davis","Unity Health Cover"
"PAT-20260506-0057","chen.garcia.57@example.com","SeedPatient!042-0057","Chen Garcia","HealthFirst Ins."
"PAT-20260506-0058","ava.kim.58@example.com","SeedPatient!042-0058","Ava Kim","Medicare Plus"
"PAT-20260506-0059","robert.rodriguez.59@example.com","SeedPatient!042-0059","Robert Rodriguez","CareShield"
"PAT-20260506-0060","olivia.wilson.60@example.com","SeedPatient!042-0060","Olivia Wilson","WellCover Health"
